<?xml version="1.0" encoding="UTF-8" standalone="yes"?>
<addon id="repository.denver" name="Denver Repository" version="2.0.1" provider-name="tobalan">
    <extension point="xbmc.addon.repository" name="Denver Repository">
        <dir minversion="19.0">
            <info compressed="false">https://denverishere.github.io/Denver.github.io/addons.xml</info>
            <checksum>https://denverishere.github.io/Denver.github.io/addons.xml.md5</checksum>
            <datadir zip="true">https://denverishere.github.io/Denver.github.io/Zips</datadir>
        </dir>
    </extension>
    <extension point="xbmc.addon.metadata">
        <summary>Denver JioTV Repository for Kodi</summary>
        <description>A Repository for Streaming JioTV Plus on Smart TV & Mobile phone.</description>
        <platform>all</platform>
        <assets>
            <icon>icon.png</icon>
            <fanart>fanart.jpg</fanart>
            <clearlogo>icon.png</clearlogo>
        </assets>
    </extension>
</addon>